t,S,I,R,Re
0.0,990.0,10.0,0.0,1.98
0.1,989.505,10.245,0.25,1.97901
0.2,988.99812606375,10.49574893625,0.5061249999999999,1.9779962521274999
0.3,988.4791122622706,10.752369014323092,0.7685187234062499,1.9769582245245412
0.4,987.947687653371,11.014984397864737,1.0373279487643272,1.9758953753067419
0.5,987.4035762351006,11.28372120618854,1.3127025587109458,1.974807152470201
0.6,986.846496901489,11.558707509645346,1.5947955888656593,1.973692993802978
0.7,986.2761634007588,11.840073322634336,1.883763276606793,1.9725523268015177
0.8,985.6922842962073,12.127950594120051,2.1797651096726516,1.9713845685924145
0.9,985.0945629299598,12.422473195514536,2.482963874525653,1.9701891258599196
1.0,984.4826973898075,12.7237769057789,2.7935257044135167,1.9689653947796153
1.1,983.8563804793481,13.031999393593795,3.1116201270579893,1.9677127609586964
1.2,983.2152996916586,13.347280196443462,3.437420111897834,1.9664305993833175
1.3,982.5591371867379,13.66976069645311,3.7711021168089207,1.9651182743734759
1.4,981.8875697729651,13.99958409281459,4.1128461342202485,1.9637751395459302
1.5,981.2002688928288,14.336895370630524,4.4628357365406135,1.962400537785658
1.6,980.4969006131913,14.681841266002312,4.821258120806377,1.9609938012263826
1.7,979.7771256203608,15.03457022718276,5.188304152456435,1.9595542512407216
1.8,979.0405992202545,15.39523237160952,5.564168408136004,1.958081198440509
1.9,978.2869713439427,15.763979438631065,5.949049217426242,1.9565739426878854
2.0,977.5158865588754,16.140964737732617,6.343148703392019,1.955031773117751
2.1,976.7269840860994,16.526343092065314,6.746672821835334,1.9534539681721987
2.2,975.9198978237852,16.920270777077935,7.1598313991369675,1.9518397956475704
2.3,975.0942563773893,17.322905454046822,7.5828381685639155,1.9501885127547784
2.4,974.2496830967889,17.73440609829613,8.015910804915086,1.9484993661935774
2.5,973.3857961207301,18.154932921897466,8.459270957372489,1.94677159224146
2.6,972.5022084289451,18.584647290635008,8.913144280419926,1.9450044168578902
2.7,971.5985279022943,19.02371163501991,9.377760462685801,1.9431970558045883
2.8,970.6743573913031,19.47228935513557,9.853353253561298,1.9413487147826063
2.9,969.7292947934665,19.930544719093866,10.340160487439688,1.939458589586933
3.0,968.7629331397017,20.398642754881347,10.838424105417035,1.937525866279403
3.1,967.7748606903373,20.876749135373704,11.348390174289069,1.9355497213806743
3.2,966.7646610410296,21.36503005629703,11.870308902673411,1.933529322082059
3.3,965.7319132390043,21.863652106914973,12.404434654080838,1.9314638264780082
3.4,964.6761919100242,22.37278213322225,12.951025956753712,1.9293523838200481
3.5,963.5970673964887,22.892587093427164,13.510345510084269,1.927194134792977
3.6,962.4941059070715,23.42323390550874,14.082660187419949,1.9249882118141426
3.7,961.3668696783047,23.964889286637764,14.668241035057667,1.922733739356609
3.8,960.2149171485206,24.517719584255925,15.267363267223612,1.920429834297041
3.9,959.0378031445573,25.081890598612876,15.88030625683001,1.9180756062891142
4.0,957.835079081637,25.657567396567845,16.507353521795334,1.9156701581632736
4.1,956.6062931768203,26.244914116470348,17.148792706709532,1.9132125863536402
4.2,955.3509906764352,26.844093763943626,17.80491555962129,1.9107019813528703
4.3,954.0687140978755,27.455267998404768,18.476017903719878,1.9081374281957506
4.4,952.759003486153,28.078596910167178,19.162399603679997,1.9055180069723057
4.5,951.421396685582,28.714238787984012,19.864364526434176,1.9028427933711638
4.6,950.0554296269606,29.362349876905764,20.582220496133775,1.9001108592539209
4.7,948.6606366306025,30.02308412634116,21.31627924305642,1.8973212732612048
4.8,947.2365507255571,30.69659292822808,22.06685634621495,1.894473101451114
4.9,945.782703985339,31.383024845240442,22.834271169420653,1.8915654079706778
5.0,944.2986278804705,32.08252532897796,23.618846790551665,1.888597255760941
5.1,942.7838536481157,32.795236428108225,24.420909923776115,1.8855677072962314
5.2,941.2379126790661,33.521296486455164,25.240790834478823,1.882475825358132
5.3,939.6603369223058,34.26083983105414,26.0788232466402,1.8793206738446113
5.4,938.0506593073612,35.013996450222265,26.935344242416555,1.8761013186147222
5.5,936.4084141846054,35.780891661722535,27.810694153672113,1.8728168283692108
5.6,934.7331377836521,36.56164577113271,28.705216445215175,1.8694662755673042
5.7,933.0243686899428,37.35637372056365,29.619257589493493,1.8660487373798857
5.8,931.2816483395841,38.16518472790828,30.553166932507583,1.8625632966791683
5.9,929.5045215324545,38.988181916840134,31.50729655070529,1.859009043064909
6.0,927.6925369635529,39.82546193782077,32.48200109862629,1.8553850739271058
6.1,925.8452477725108,40.67711458041737,33.47763764707181,1.8516904955450215
6.2,923.9622121111419,41.5432223772758,34.494565511582245,1.8479244242222839
6.3,922.0429937288452,42.423860200140545,35.53314607101414,1.8440859874576907
6.4,920.0871625756216,43.31909484836061,36.593742576017654,1.8401743251512435
6.5,918.094295422403,44.22898463037021,37.67671994722667,1.8361885908448063
6.6,916.0639764983296,45.15357893868436,38.78244456298593,1.8321279529966594
6.7,913.9957981445444,46.09291781900237,39.91128403645304,1.8279915962890891
6.8,911.8893614840049,47.04703153406681,41.063606981928096,1.8237787229680102
6.9,909.744277106739,48.01594012298104,42.23978277027977,1.8194885542134782
7.0,907.5601657698999,48.99965295674561,43.44018127335429,1.8151203315398001
7.1,905.3366591118953,49.99816829083155,44.66517259727293,1.810673318223791
7.2,903.0734003797885,51.01147281566755,45.91512680454372,1.8061468007595773
7.3,900.7700451690872,52.039541205977166,47.19041362493541,1.8015400903381749
7.4,898.4262621749529,53.08233566996207,48.49140215508484,1.796852524349906
7.5,896.0417339537788,54.13980549938703,49.81846054683389,1.7920834679075581
7.6,893.6161576939993,55.21188662168191,51.17195568431857,1.787232315387999
7.7,891.149245994904,56.29850115523507,52.552252849860615,1.7822984919898086
7.8,888.6407276521475,57.39955696911075,53.95971537874149,1.7772814553042953
7.9,886.0903484485503,58.514947248480055,55.39470430296926,1.7721806968971012
8.0,883.4978719487076,59.644550067110764,56.85757798418126,1.7669957438974158
8.1,880.8630802958261,60.78822796831452,58.348691735859035,1.7617261605916528
8.2,878.1857750091314,61.94582755580138,59.868397435066896,1.7563715500182633
8.3,875.4657777800977,63.11717909594002,61.41704312396193,1.750931555560196
8.4,872.7029312656721,64.30209613296716,62.99497260136043,1.7454058625313447
8.5,869.8970998765838,65.50037511873136,64.60252500468461,1.739794199753168
8.6,867.0481705587531,66.71179505859371,66.2400343826529,1.7340963411175068
8.7,864.1560535657409,67.93611717514108,67.90782925911773,1.7283121071314822
8.8,861.2206832201084,69.17308459139504,69.60623218849626,1.7224413664402172
8.9,858.2420186614962,70.42242203522234,71.33555930328114,1.716484037322993
9.0,855.2200445791692,71.68383556666883,73.0961198541617,1.7104400891583391
9.1,852.1547719267226,72.95701232994872,74.88821574332842,1.7043095438534457
9.2,849.0462386165984,74.24162033182414,76.71214105157713,1.6980924772331973
9.3,845.8945101920216,75.53730824810538,78.56818155987274,1.6917890203840436
9.4,842.6996804739339,76.84370525999049,80.45661426607538,1.6853993609478681
9.5,839.4618721804825,78.16042092194208,82.37770689757514,1.6789237443609653
9.6,836.181237516605,79.48704506277093,84.33171742062369,1.6723624750332107
9.7,832.8579587312488,80.82314772155796,86.31889354719296,1.6657159174624983
9.8,829.4922486397683,82.16827911999955,88.3394722402319,1.6589844972795371
9.9,826.0843511090628,83.521969672705,90.39367921823188,1.652168702218126
10.0,822.6345415030414,84.88373003690874,92.48172846004951,1.6452690830060832
10.1,819.1431270860425,86.25305120298505,94.60382171097223,1.6382862541720853
10.2,815.6104473818862,87.6294046270667,96.76014799104685,1.6312208947637727
10.3,812.0368744863016,89.01224240697455,98.95088310672352,1.6240737489726038
10.4,808.4228133305428,90.40099750255902,101.17618916689788,1.6168456266610862
10.5,804.7687018940975,91.79508400144036,103.43621410446185,1.6095374037881953
10.6,801.0750113644925,93.19389743100929,105.73109120449786,1.6021500227289855
10.7,797.3422462423101,94.59681511741641,108.0609386402731,1.5946844924846209
10.8,793.5709443896557,96.00319659213547,110.4258590182085,1.5871418887793118
10.9,789.7616770204534,97.41238404653441,112.82593893301188,1.5795233540409073
11.0,785.9150486310958,98.82370283472862,115.26124853417524,1.5718300972621921
11.1,782.0316968701328,100.23646202482344,117.73184110504346,1.564063393740266
11.2,778.1122923458562,101.64995499847942,120.23775265566404,1.5562245846917129
11.3,774.1575383708202,103.06346009855343,122.77900153062602,1.548315076741641
11.4,770.1681706425264,104.47624132438337,125.35558803308986,1.5403363412850535
11.5,766.1449568597061,105.88754907409415,127.96749406619945,1.5322899137194126
11.6,762.0886962738385,107.2966209331094,130.6146827930518,1.5241773925476776
11.7,758.0002191757635,108.70268250785674,133.29709831637953,1.5160004383515273
11.8,753.8803863174661,110.10494830345776,136.01466537907595,1.5077607726349325
11.9,749.7300882693423,111.50262264399508,138.7672890866624,1.499460176538685
12.0,745.5502447134851,112.89490063375248,141.5548546527623,1.4911004894269704
12.1,741.3418036737652,114.2809691576286,144.3772271686061,1.4826836073475305
12.2,737.1057406837201,115.660007918733,147.2342513975468,1.4742114813674403
12.3,732.843057893499,117.03119051098581,150.12575159551514,1.4656861157869983
12.4,728.5547831173496,118.39368552436054,153.0515313582898,1.4571095662346993
12.5,724.2419688233664,119.74665768023473,156.01137349639882,1.4484839376467329
12.6,719.9056910674489,121.08926899414641,159.00503993840468,1.4398113821348977
12.7,715.5470483736447,122.4206799630969,162.03227166325834,1.4310940967472894
12.8,711.1671605632703,123.74005077439391,165.09278866233578,1.4223343211265405
12.9,706.7671675354112,125.04654253289308,168.18628993169563,1.4135343350708225
13.0,702.3482280016077,126.33931850337422,171.31245349501796,1.4046964560032156
13.1,697.9115181777189,127.61754536467865,174.4709364576023,1.395823036355438
13.2,693.4582304361401,128.88039447214052,177.66137509171926,1.3869164608722804
13.3,688.989571921712,130.12704312476512,180.88338495352278,1.3779791438434241
13.4,684.5067631348135,131.3566758335445,184.13656103164192,1.369013526269627
13.5,680.0110364852651,132.56848558725432,187.42047792748053,1.3600220729705301
13.6,675.5036348207916,133.7616751120465,190.7346900671619,1.3510072696415831
13.7,670.9858099338963,134.9354581211406,194.07873194496307,1.3419716198677927
13.8,666.4588210510856,136.08906055092285,197.45211839799157,1.3329176421021711
13.9,661.9239333084497,137.22172177978567,200.85434491176463,1.3238478666168993
14.0,657.382416217658,138.3326958260827,204.28488795625927,1.314764832435316
14.1,652.8355421264554,139.42125252163325,207.74320535191134,1.3056710842529107
14.2,648.2845846777599,140.4866786572879,211.22873666495218,1.2965691693555197
14.3,643.730817271455,141.5282790971606,214.74090363138438,1.28746163454291
14.4,639.1755115329431,142.54537785824348,218.2791106088134,1.2783510230658863
14.5,634.6199357924831,143.53731915224736,221.8427450552695,1.2692398715849662
14.6,630.0653535792719,144.5034683866524,225.43117803407569,1.260130707158544
14.7,625.5130221341485,145.44321312210946,229.043764743742,1.251026044268297
14.8,620.964190944703,146.3559639835023,232.67984507179474,1.241928381889406
14.9,616.4201003064557,147.24115552216213,236.3387441713823,1.2328402006129113
15.0,611.8819799136452,148.09824702691856,240.01977305943635,1.2237639598272902
15.1,607.3510474830166,148.92672328187413,243.7222292351093,1.2147020949660332
15.2,602.8285074138436,149.72609526900027,247.44539731715614,1.2056570148276873
15.3,598.3155494872478,150.49590081387097,251.18854969888113,1.1966310989744957
15.4,593.8133476076964,151.23570517307567,254.9509472192279,1.1876266952153929
15.5,589.3230585893647,151.9451015620805,258.7318398485548,1.1786461171787292
15.6,584.8458209898529,152.62371162254036,262.5304673876068,1.1696916419797057
15.7,580.3827539935327,153.271185828297,266.3460601781703,1.1607655079870653
15.8,575.9349563465886,153.88720382953366,270.1778398238777,1.1518699126931773
15.9,571.5035053455955,154.47147473478836,274.02501991961606,1.1430070106911911
16.0,567.0894558812538,155.0237373307604,277.8868067879858,1.1341789117625076
16.1,562.6938395386749,155.54376024007036,281.7624002212548,1.1253876790773498
16.2,558.3176637553864,156.03134201735702,285.65099422725655,1.1166353275107728
16.3,553.961911037999,156.48631118431052,289.55177777769046,1.107923822075998
16.4,549.6275382382516,156.90852620445014,293.4639355572982,1.0992550764765032
16.5,545.3154758889344,157.2978753986561,297.38664871240945,1.090630951777869
16.6,541.0266275999676,157.6542768026565,301.31909559737585,1.0820532551999353
16.7,536.7618695147049,157.97767796785274,305.2604525174423,1.07352373902941
16.8,532.5220498263241,158.26805570703726,309.2098944666386,1.0650440996526482
16.9,528.3079883539672,158.52541578671824,313.16659585931455,1.0566159767079344
17.0,524.1204761781044,158.74979256791315,317.1297312539825,1.0482409523562086
17.1,519.9602753344109,158.94124859740882,321.09847606818033,1.0399205506688218
17.2,515.8281185652756,159.0998741516088,325.07200728311557,1.0316562371305513
17.3,511.72470912789584,159.2257867351984,329.0495041369058,1.0234494182557916
17.4,507.65072065775934,159.31913053695493,333.03014880528576,1.0153014413155186
17.5,503.6067970861767,159.3800758451137,337.01312706870965,1.0072135941723532
17.6,499.5935526103912,159.40881842477134,340.9976289648375,0.9991871052207825
17.7,495.6115717146784,159.40557885986487,344.9828494254568,0.9912231434293568
17.8,491.6614092407371,159.37060186230954,348.9679888969534,0.9833228184814742
17.9,487.7435905055787,159.30415555091017,352.95225394351115,0.9754871810111574
18.0,483.8586114650357,159.20653070268042,356.9348578322839,0.9677172229300713
18.1,480.0069389209375,159.07803997921164,360.91502109985095,0.9600138778418749
18.2,476.18901076993933,158.91901713072954,364.8919720993312,0.9523780215398786
18.3,472.40523629193865,158.72981618046197,368.86494752759944,0.9448104725838773
18.4,468.65599647597327,158.51081059191577,372.833192932111,0.9373119929519466
18.5,464.94164438146487,158.26239242162632,376.7959631969089,0.9298832887629297
18.6,461.2625055326521,157.98497145989845,380.75252300744955,0.922525011065304
18.7,457.61887834404723,157.67897436200585,384.702147293947,0.9152377566880945
18.8,454.0110345747482,157.34484377225473,388.64412165299717,0.9080220691494963
18.9,450.439219809446,156.98303744325054,392.57774274730355,0.9008784396188919
19.0,446.9036539639833,156.59402735263203,396.50231868338483,0.8938073079279665
19.1,443.4045318133419,156.17829881945758,400.41716936720064,0.8868090636266837
19.2,439.9420235399696,155.73634962234343,404.32162683768706,0.8798840470799392
19.3,436.51627530039053,155.26868912136393,408.21503557824565,0.873032550600781
19.4,433.12740980808894,154.77583738563143,412.09675280627977,0.8662548196161777
19.5,429.7755269307031,154.25832432837646,415.9661487409206,0.8595510538614061
19.6,426.46070429961935,153.7166888512508,419.82260684913,0.8529214085992386
19.7,423.18299793011386,153.15147799947502,423.66552407041127,0.8463659958602276
19.8,419.94244285025155,152.56324612935043,427.49431102039813,0.8398848857005031
19.9,416.7390537368154,151.95255408955285,431.3083921736319,0.8334781074736307
20.0,413.57282555660674,151.31996841752266,435.1072060258707,0.8271456511132134
20.1,410.4437342115282,150.66606055216317,438.89020523630876,0.8208874684230564
20.2,407.35173718592966,149.99140606395758,442.65685675011287,0.8147034743718592
20.3,404.296774194774,149.29658390351432,446.4066419017118,0.808593548389548
20.4,401.27876783124947,148.58217566945098,450.13905649929967,0.802557535662499
20.5,398.29762421253326,147.84876489643088,453.85361089103594,0.7965952484250665
20.6,395.35323362248295,147.0969363640704,457.5498300134467,0.7907064672449658
20.7,392.4454711501082,146.3272754273434,461.2272534225485,0.7848909423002164
20.8,389.57419732274843,145.5403673690196,464.88543530823205,0.7791483946454969
20.9,386.7392587329563,144.7367967745863,468.52394449245753,0.7734785174659125
21.0,383.940488658157,143.91714693002095,472.1423644118222,0.7678809773163139
21.1,381.177707672227,143.08199924270042,475.7402930850727,0.7623554153444538
21.2,378.4507242482024,142.2319326856575,479.3173430661402,0.7569014484964047
21.3,375.75933535139694,141.3675232653215,482.8731413832817,0.7515186707027938
21.4,373.1033270222744,140.48934351281096,486.4073294649147,0.7462066540445488
21.5,370.48247494848414,139.59796199878093,489.919563052735,0.7409649498969683
21.6,367.8965450255305,138.69394287176505,493.4095121027045,0.735793090051061
21.7,365.34529390560596,137.77784541989544,496.87686067449863,0.7306905878112119
21.8,362.8284695341753,136.8502236558287,500.32130680999603,0.7256569390683506
21.9,360.34581167395265,135.91162592465568,503.74256240139175,0.7206916233479053
22.0,357.89705241596533,134.96259453452663,507.1403530495081,0.7157941048319306
22.1,355.4819166774494,134.00366540967937,510.5144179128713,0.7109638333548988
22.2,353.10012268636757,133.0353677655192,513.8645095481132,0.7062002453727352
22.3,350.75138245238605,132.05822380536276,517.1903937422512,0.7015027649047721
22.4,348.43540222418915,131.07274843842558,520.4918493373852,0.6968708044483783
22.5,346.1518829330505,130.07944901860358,523.7686680483458,0.6923037658661011
22.6,343.90052062261634,129.07882510357265,527.0206542738109,0.6878010412452328
22.7,341.68100686489265,128.07136823370706,530.2476249014003,0.6833620137297853
22.8,339.4930291624598,127.05756173029727,533.449409107243,0.6789860583249195
22.9,337.33627133696905,126.03788051253058,536.6258481505005,0.6746725426739381
23.0,335.2104139040035,125.01279093268289,539.7767951633137,0.6704208278080068
23.1,333.1151344344115,123.98275062895779,542.9021149366308,0.666230268868823
23.2,331.0501079022458,122.94820839539952,546.0016837023547,0.6621002158044916
23.3,329.01500701946156,121.90960406829878,549.0753889122398,0.658030014038923
23.4,327.009502557548,120.86736842850486,552.1231290139473,0.6540190051150959
23.5,325.0332636562857,119.8219231190545,555.1448132246599,0.6500665273125714
23.6,323.0859581198378,118.77368057752608,558.1403613026362,0.6461719162396756
23.7,321.16725270039734,117.72304398252841,561.1097033170743,0.6423345054007947
23.8,319.2768133696275,116.67040721373503,564.0527794166375,0.6385536267392551
23.9,317.4143055781406,115.61615482487856,566.9695395969809,0.6348286111562812
24.0,315.5793945032729,114.56066202912427,569.8599434676029,0.6311587890065458
24.1,313.77174528542065,113.50429469624842,572.723960018331,0.6275434905708412
24.2,311.991023253209,112.44740936105384,575.5615673857372,0.6239820465064179
24.3,310.2368941377726,111.39035324246387,578.3727526197636,0.6204737882755452
24.4,308.50902427643,110.33346427274485,581.1575114508252,0.61701804855286
24.5,306.80708080603887,109.27707113631737,583.9158480576438,0.6136141616120777
24.6,305.1307318463205,108.2214933176278,586.6477748360517,0.610261463692641
24.7,303.479646673445,107.16704115756258,589.3533121689924,0.60695929334689
24.8,301.85349588416824,106.1140159179003,592.0324881979315,0.6037069917683365
24.9,300.2519515508119,105.06270985330912,594.685338595879,0.6005039031016238
25.0,298.6746873673783,104.01340629041003,597.3119063422117,0.5973493747347566
25.1,297.1213787870881,102.96637971343999,599.912241499472,0.5942427575741761
25.2,295.5917031516295,101.9218958560626,602.486400992308,0.5911834063032589
25.3,294.08533981240265,100.88021179888787,605.0344483887095,0.5881706796248053
25.4,292.6019702440415,99.84157607227682,607.5564536836818,0.585203940488083
25.5,291.1412781504906,98.80622876402083,610.0524930854887,0.5822825563009811
25.6,289.70294956391126,97.77440163149964,612.5226488045892,0.5794058991278225
25.7,288.28667293668667,96.74631821793675,614.9670088453767,0.5765733458733734
25.8,286.8921392267905,95.72219397238447,617.3856668008251,0.5737842784535809
25.9,285.51904197677953,94.70223637308582,619.7787216501347,0.571038083953559
26.0,284.16707738666446,93.68664505387378,622.1462775594619,0.5683341547733288
26.1,282.8359443809084,92.67561193328298,624.4884436858086,0.5656718887618168
26.2,281.525344669797,91.66932134606233,626.8053339841407,0.563050689339594
26.3,280.2349828054172,90.6679501767906,629.0970670177923,0.5604699656108344
26.4,278.9645662324774,89.6716679953106,631.363765772212,0.5579291324649548
26.5,277.71380533419466,88.68063719371057,633.6055574720948,0.5554276106683893
26.6,276.48241347346834,87.69501312459413,635.8225734019376,0.5529648269469367
26.7,275.2701070295546,86.71494424039304,638.0149487300524,0.5505402140591091
26.8,274.07660543044886,85.74057223348896,640.1828223360623,0.5481532108608976
26.9,272.90163118117795,84.77203217692268,642.3263366418995,0.5458032623623559
27.0,271.7449098881967,83.80945266548089,644.4456374463226,0.5434898197763932
27.1,270.6061702800787,82.85295595696188,646.5408737629597,0.5412123405601572
27.2,269.48514422468384,81.90265811343271,648.6121976618837,0.5389702884493676
27.3,268.38156674297966,80.95866914230106,650.6597641147195,0.5367631334859592
27.4,267.2951760196878,80.0210931370354,652.683730843277,0.5345903520393754
27.5,266.2257134109202,79.0900284173771,654.6842581717028,0.5324514268218403
27.6,265.1729234489649,78.16556766889798,656.6615088821372,0.5303458468979297
27.7,264.1365538443744,77.247798081766,658.6156480738597,0.5282731076887488
27.8,263.1163554855052,76.33680148859105,660.5468430259039,0.5262327109710103
27.9,262.1120824356503,75.4326545012312,662.4552630631187,0.5242241648713005
28.0,261.12349192790197,74.53542864644875,664.3410794256495,0.5222469838558038
28.1,260.1503443578768,73.64519050031271,666.2044651418107,0.5203006887157535
28.2,259.1924032744289,72.76200182125278,668.0455949043185,0.5183848065488577
28.3,258.2494353684734,71.88591968167691,669.8646449498498,0.5164988707369468
28.4,257.3212104600366,71.01699659807181,671.6617929418917,0.5146424209200731
28.5,256.40750148364395,70.15528065951263,673.4372178568435,0.5128150029672879
28.6,255.50808447215448,69.30081565451428,675.1910998733314,0.5110161689443089
28.7,254.62273853914235,68.45364119616356,676.9236202646943,0.5092454770782846
28.8,253.7512458599252,67.61379284547662,678.6349612945984,0.5075024917198503
28.9,252.89339165133248,66.78130223293243,680.3253061157353,0.5057867833026648
29.0,252.04896415030353,65.95619717813807,681.9948386715587,0.504097928300607
29.1,251.2177545914014,65.13850180758676,683.6437436010121,0.5024355091828027
29.2,250.3995571833239,64.3282366704746,685.2722061462018,0.5007991143666476
29.3,249.59416908449037,63.525418852546274,686.8804120629637,0.4991883381689805
29.4,248.8013903777781,62.730062087944894,688.4685475342774,0.49760278075555603
29.5,248.02102404447984,61.94217686904452,690.036799086476,0.4960420480889595
29.6,247.25287593754962,61.16177055424865,691.585353508202,0.49450575187509904
29.7,246.4967547542011,60.38884747374096,693.1143977720583,0.49299350950840204
29.8,245.75247200791992,59.62340903317862,694.6241189589018,0.49150494401583966
29.9,245.01984199994777,58.8654538153213,696.1147041847313,0.4900396839998954
30.0,244.2986817902935,58.114977679592535,697.5863405301143,0.4885973635805868
30.1,243.58881116832367,57.37197385957256,699.0392149721041,0.4871776223366472
30.2,242.890052622982,56.63643305842492,700.4735143185934,0.4857801052459639
30.3,242.20223131268506,55.908343542261235,701.889425145054,0.48440446262536996
30.4,241.52517503493846,55.187691231451296,703.2871337336105,0.4830503500698768
30.5,240.85871419571595,54.47445978988753,704.6668260143967,0.4817174283914318
30.6,240.20268177864102,53.76863071221527,706.028687509144,0.4804053635572819
30.7,239.55691331400905,53.07018340904186,707.3729032769494,0.479113826628018
30.8,238.92124684768513,52.37909529013973,708.6996578621754,0.47784249369537013
30.9,238.29552290991143,51.69534184565993,710.0091352444289,0.47659104581982276
31.0,237.6795844840555,51.01889672537434,711.3015187905704,0.4753591689681109
31.1,237.0732769753294,50.349731815966074,712.5769912087047,0.4741465539506587
31.2,236.4764481795074,49.68781731638892,713.8357345041039,0.4729528963590147
31.3,235.8889482516688,49.03312181131779,715.0779299370137,0.4717778965033375
31.4,235.31062967499042,48.38561234271323,716.3037579822966,0.4706212593499807
31.5,234.74134722961173,47.74525447952409,717.5133982908644,0.46948269445922336
31.6,234.18095796159452,47.1120123855532,718.7070296528525,0.46836191592318893
31.7,233.62932115199715,46.485848885511736,719.8848299624914,0.46725864230399416
31.8,233.08629828608233,45.866725529288765,721.0469761846292,0.46617259657216453
31.9,232.55175302267605,45.25460265446283,722.1936443228615,0.46510350604535194
32.0,232.02555116369405,44.64943944708326,723.325009389223,0.46405110232738794
32.1,231.50756062385108,44.05119400074915,724.4412453754002,0.46301512124770194
32.2,230.997651400567,43.45982337401449,725.5425252254189,0.4619953028011338
32.3,230.49569554408296,42.87528364614817,726.6290208097693,0.4609913910881657
32.4,230.00156712779952,42.2975299712779,727.700902900923,0.4600031342555988
32.5,229.51514221884807,41.72651663094741,728.758341150205,0.45903028443769595
32.6,229.03629884890563,41.162197085116176,729.8015040659786,0.45807259769781106
32.7,228.5649169852624,40.604524021631484,730.8305589931066,0.45712983397052465
32.8,228.1008785021509,40.05344940420221,731.8456720936474,0.4562017570043016
32.9,227.6440671523439,39.50892451890415,732.8470083287525,0.4552881343046875
33.0,227.19436853902897,38.970900019246464,733.8347314417251,0.45438873707805766
33.1,226.75167008796546,38.43932596982882,734.8090039422062,0.45350334017593075
33.2,226.31586101992974,37.91415188861882,735.769987091452,0.45263172203985924
33.3,225.8868323234541,37.39532678787901,736.7178408886674,0.451773664646908
33.4,225.46447672786337,36.88279921377275,737.6527240583644,0.45092895345572653
33.5,225.04868867661378,36.37651728467804,738.5747940387087,0.45009737735322736
33.6,224.63936430093682,35.87642872823803,739.4842069708257,0.44927872860187346
33.7,224.23640139379185,35.38248091717704,740.3811176890316,0.4484728027875835
33.8,223.83969938412923,34.89462090391023,741.2656797119611,0.44767939876825824
33.9,223.4491593114665,34.41279545397519,742.1380452345588,0.4468983186229328
34.0,223.06468380077908,33.93695107831322,742.9983651209083,0.4461293676015579
34.1,222.68617703770676,33.467034064427715,743.8467888978661,0.44537235407541326
34.2,222.31354474407686,33.00299050644693,744.6834647494768,0.4446270894881535
34.3,221.9466941537447,32.544766334117924,745.508539512138,0.44389338830748915
34.4,221.5855339887515,32.092307340758154,746.3221586704909,0.4431710679775028
34.5,221.22997443579985,31.64555921019085,747.1244663540099,0.44245994887159945
34.6,220.879927123046,31.204467542689933,747.9156053342647,0.4417598542460917
34.7,220.53530509720886,30.768977879959824,748.6957170228319,0.44107061019441746
34.8,220.19602280099454,30.339035729175137,749.4649414698309,0.4403920456019888
34.9,219.86199605083547,29.91458658610484,750.2234173630603,0.4397239921016706
35.0,219.53314201494265,29.495575957345046,750.971282027713,0.439066284029885
35.1,219.20937919166983,29.08194938168424,751.7086714266466,0.4384187583833393
35.2,218.8906273881877,28.67365245062426,752.4357201611887,0.43778125477637514
35.3,218.57680769946631,28.27063082808005,753.1525614724543,0.4371536153989323
35.4,218.2678424875637,27.872830269280644,753.8593272431563,0.4365356849751271
35.5,217.96365536121883,27.480196638893524,754.5561479998883,0.4359273107224374
35.6,217.66417115574592,27.0926759283941,755.2431529158606,0.43532834231149153
35.7,217.36931591322866,26.710214272701506,755.9204698140704,0.43473863182645706
35.8,217.07901686301102,26.332757966101614,756.588225170888,0.43415803372602174
35.9,216.79320240248236,25.96025347747772,757.2465441200405,0.4335864048049644
36.0,216.51180207815423,25.592647464868907,757.8955504569775,0.4330236041563082
36.1,216.23474656702575,25.22988678937567,758.5353666435992,0.4324694931340512
36.2,215.96196765823498,24.871918528432047,759.1661138133336,0.43192393531646966
36.3,215.6933982349932,24.51868998846302,759.7879117765444,0.4313867964699861
36.4,215.4289722567991,24.17014871694554,760.400879026256,0.43085794451359793
36.5,215.16862474192985,23.82624251389118,761.0051327441796,0.4303372494838594
36.6,214.91229175020575,23.486919442767984,761.6007888070269,0.4298245835004112
36.7,214.65991036602585,23.15212784087867,762.1879617930961,0.42931982073205144
36.8,214.41141868167057,22.82181632921199,762.7667649891181,0.42882283736334087
36.9,214.1667557808686,22.495933821783634,763.3373103973483,0.428333511561737
37.0,213.925861722625,22.17442953448267,763.8997087428929,0.42785172344524974
37.1,213.68867752530642,21.857252993439193,764.454069481255,0.42737735505061253
37.2,213.45514515098122,21.544354042928415,765.000500806091,0.42691029030196215
37.3,213.22520749001035,21.235682852826073,765.5391096571643,0.4264504149800204
37.4,212.99880834588606,20.931189925629717,766.070001728485,0.42599761669177183
37.5,212.77589242031505,20.630826103060002,766.5932814766257,0.4255517848406298
37.6,212.5564052985427,20.33454257225585,767.1090521292023,0.42511281059708506
37.7,212.34029343491525,20.042290871576895,767.6174156935086,0.4246805868698302
37.8,212.12750413867633,19.754022896026402,768.1184729652981,0.4242550082773523
37.9,211.91798555999472,19.46969090230736,768.6123235376988,0.42383597111998905
38.0,211.71168667622007,19.18924751352431,769.0990658102564,0.4234233733524398
38.1,211.5085572783633,18.912645723542987,769.5787969980945,0.42301711455672625
38.2,211.30854795779814,18.63983890101958,770.0516131411831,0.42261709591559593
38.3,211.11161009318104,18.370780793111177,770.5176091137085,0.42222322018636177
38.4,210.9176958375859,18.105425528878527,770.9768786335363,0.4218353916751715
38.5,210.7267581058504,17.843727622392066,771.4295142717583,0.42145351621170046
38.6,210.53875056213087,17.585641975551788,771.8756074623182,0.4210775011242614
38.7,210.3536276076626,17.331123880631274,772.315248511707,0.4207072552153248
38.8,210.17134436872215,17.080129022555923,772.7485266087227,0.42034268873744396
38.9,209.99185668478904,16.832613480925115,773.1755298342866,0.41998371336957774
39.0,209.8151210969032,16.58853373178783,773.5963451713097,0.41963024219380607
39.1,209.64109483621544,16.34784664918089,774.0110585146044,0.4192821896724305
39.2,209.469735812728,16.11050950643881,774.419754680834,0.4189394716254557
39.3,209.3010026042219,15.876479977283948,774.822517418495,0.4186020052084435
39.4,209.13485444536835,15.645716136705419,775.219429417927,0.41826970889073634
39.5,208.97125121702118,15.418176461634955,775.6105723213446,0.417942502434042
39.6,208.81015343568754,15.193819831427716,775.9960267328855,0.41762030687137475
39.7,208.65152224317382,14.972605528155754,776.3758722286713,0.4173030444863473
39.8,208.495319396404,14.754493236721672,776.7501873668751,0.4169906387928077
39.9,208.34150725740787,14.539443044799748,777.1190496977932,0.4166830145148154
40.0,208.19004878347602,14.327415442611596,777.4825357739132,0.41638009756695166
